FID_1,id,name,latitude,longitude,ObjectID,NAME_1,COUNTRY,ISO_CODE,ISO_CC,ISO_SUB,ADMINTYPE,DISPUTED,NOTES,AUTONOMOUS,COUNTRYAFF,CONTINENT,Land_Type,Land_Rank
132,160,Manitou Springs (Colo.),38.85971270000,-104.91719890000,961,Colorado,United States,USCO,US,CO,State,0,,0,United States,North America,Primary land,5
261,313,Sharon InnCOMMA SharonCOMMA Connecticut,41.60322070000,-73.08774900000,974,Connecticut,United States,USCT,US,CT,State,0,,0,United States,North America,Primary land,5
54,64,WilmingtonCOMMA (Del.),39.73907210000,-75.53978780000,1004,Delaware,United States,USDE,US,DE,State,0,,0,United States,North America,Primary land,5
59,69,WilmingtonCOMMA (Del. ),39.73907210000,-75.53978780000,1004,Delaware,United States,USDE,US,DE,State,0,,0,United States,North America,Primary land,5
138,166,New Castle (Del.),39.66203970000,-75.56681660000,1004,Delaware,United States,USDE,US,DE,State,0,,0,United States,North America,Primary land,5
140,168,Wilmington (Del.),39.73907210000,-75.53978780000,1004,Delaware,United States,USDE,US,DE,State,0,,0,United States,North America,Primary land,5
224,271,W. Del,38.91083250000,-75.52766990000,1004,Delaware,United States,USDE,US,DE,State,0,,0,United States,North America,Primary land,5
10,11,Washington DC,38.90719230000,-77.03687070000,1019,District of Columbia,United States,USDC,US,DC,Federal District,0,,0,United States,North America,Primary land,5
77,90,Washington (D.C.),38.90719230000,-77.03687070000,1019,District of Columbia,United States,USDC,US,DC,Federal District,0,,0,United States,North America,Primary land,5
91,106,Washington (D.C.);,38.90719230000,-77.03687070000,1019,District of Columbia,United States,USDC,US,DC,Federal District,0,,0,United States,North America,Primary land,5
158,186,Saint Augustine (Fla.),29.89583300000,-81.31166700000,1060,Florida,United States,USFL,US,FL,State,0,,0,United States,North America,Primary land,5
283,339,Savannah (Ga.),32.08354070000,-81.09983420000,1083,Georgia,United States,USGA,US,GA,State,0,,0,United States,North America,Primary land,5
317,378,Richmond (Ind.),39.82893690000,-84.89023820000,1193,Indiana,United States,USIN,US,IN,State,0,,0,United States,North America,Primary land,5
71,82,Iowa Falls (Iowa),42.51988680000,-93.26457410000,1196,Iowa,United States,USIA,US,IA,State,0,,0,United States,North America,Primary land,5
56,66,Mountrath (Ireland),53.00255970000,-7.47513960000,1270,Leinster,Ireland,IEL,IE,L,Province,0,,0,Ireland,Europe,Primary land,5
93,108,Dublin (Ireland),53.34980530000,-6.26030970000,1270,Leinster,Ireland,IEL,IE,L,Province,0,,0,Ireland,Europe,Primary land,5
223,270,New Orleans (La.),29.95106580000,-90.07153230000,1298,Louisiana,United States,USLA,US,LA,State,0,,0,United States,North America,Primary land,5
13,15,Bar Harbor,44.38761190000,-68.20391230000,1309,Maine,United States,USME,US,ME,State,0,,0,United States,North America,Primary land,5
30,38,Mount Desert,44.33578840000,-68.31936140000,1309,Maine,United States,USME,US,ME,State,0,,0,United States,North America,Primary land,5
49,58,Northeast Harbor (Me.),44.29428130000,-68.29032340000,1309,Maine,United States,USME,US,ME,State,0,,0,United States,North America,Primary land,5
192,227,Gorham (Me.),43.67953140000,-70.44422520000,1309,Maine,United States,USME,US,ME,State,0,,0,United States,North America,Primary land,5
225,272,Asticou (Me.),44.30396890000,-68.28168230000,1309,Maine,United States,USME,US,ME,State,0,,0,United States,North America,Primary land,5
244,295,York Harbor (Me.),43.13675510000,-70.64560770000,1309,Maine,United States,USME,US,ME,State,0,,0,United States,North America,Primary land,5
265,318,York HarborCOMMA Maine,45.25378300000,-69.44546890000,1309,Maine,United States,USME,US,ME,State,0,,0,United States,North America,Primary land,5
301,358,Mt Desert (Me.),44.33578840000,-68.31936140000,1309,Maine,United States,USME,US,ME,State,0,,0,United States,North America,Primary land,5
310,370,North East (Me.),45.25378300000,-69.44546890000,1309,Maine,United States,USME,US,ME,State,0,,0,United States,North America,Primary land,5
314,374,North-East Harbor,44.29428130000,-68.29032340000,1309,Maine,United States,USME,US,ME,State,0,,0,United States,North America,Primary land,5
325,386,Mt. Desert (Me. : Town),44.33578840000,-68.31936140000,1309,Maine,United States,USME,US,ME,State,0,,0,United States,North America,Primary land,5
42,51,Baltimore (Md.),39.29038480000,-76.61218930000,1340,Maryland,United States,USMD,US,MD,State,0,,0,United States,North America,Primary land,5
100,124,Germantown,39.17316210000,-77.27165020000,1340,Maryland,United States,USMD,US,MD,State,0,,0,United States,North America,Primary land,5
200,236,Massey Farm (Md.),39.35092480000,-75.90537930000,1340,Maryland,United States,USMD,US,MD,State,0,,0,United States,North America,Primary land,5
203,239,Mencola Cottage (Md.),39.04575490000,-76.64127120000,1340,Maryland,United States,USMD,US,MD,State,0,,0,United States,North America,Primary land,5
313,373,Maryland,39.04575490000,-76.64127120000,1340,Maryland,United States,USMD,US,MD,State,0,,0,United States,North America,Primary land,5
338,399,Berkley (Md.),39.66139000000,-76.20917000000,1340,Maryland,United States,USMD,US,MD,State,0,,0,United States,North America,Primary land,5
1,1,Boston,42.35843080000,-71.05977320000,1345,Massachusetts,United States,USMA,US,MA,State,0,,0,United States,North America,Primary land,5
58,68,New Bedford (Mass.),41.63621520000,-70.93420500000,1345,Massachusetts,United States,USMA,US,MA,State,0,,0,United States,North America,Primary land,5
65,76,SpringfieldCOMMA Mass.,42.10148310000,-72.58981100000,1345,Massachusetts,United States,USMA,US,MA,State,0,,0,United States,North America,Primary land,5
74,85,New BedfordCOMMA MA,41.63621520000,-70.93420500000,1345,Massachusetts,United States,USMA,US,MA,State,0,,0,United States,North America,Primary land,5
116,142,Boston (Mass.),42.35843080000,-71.05977320000,1345,Massachusetts,United States,USMA,US,MA,State,0,,0,United States,North America,Primary land,5
130,158,Salem (Mass.),42.51954000000,-70.89671550000,1345,Massachusetts,United States,USMA,US,MA,State,0,,0,United States,North America,Primary land,5
188,223,Fall River (Mass.),41.70149120000,-71.15504510000,1345,Massachusetts,United States,USMA,US,MA,State,0,,0,United States,North America,Primary land,5
232,281,Pittsfield (Mass.),42.45008450000,-73.24538240000,1345,Massachusetts,United States,USMA,US,MA,State,0,,0,United States,North America,Primary land,5
245,296,Worcester (Mass.),42.26259320000,-71.80229340000,1345,Massachusetts,United States,USMA,US,MA,State,0,,0,United States,North America,Primary land,5
250,302,Cambridge (Mass.),42.37361580000,-71.10973350000,1345,Massachusetts,United States,USMA,US,MA,State,0,,0,United States,North America,Primary land,5
266,319,PetershamCOMMA Mass.,42.48377520000,-72.18666900000,1345,Massachusetts,United States,USMA,US,MA,State,0,,0,United States,North America,Primary land,5
295,351,Magnolia (Mass.),42.57370670000,-70.71060050000,1345,Massachusetts,United States,USMA,US,MA,State,0,,0,United States,North America,Primary land,5
297,354,Magnolia (GloucesterCOMMA Mass.),42.57370670000,-70.71060050000,1345,Massachusetts,United States,USMA,US,MA,State,0,,0,United States,North America,Primary land,5
302,359,Plymouth (Mass.),41.95844570000,-70.66726210000,1345,Massachusetts,United States,USMA,US,MA,State,0,,0,United States,North America,Primary land,5
344,405,Auburndale (Mass.),42.34797820000,-71.24710970000,1345,Massachusetts,United States,USMA,US,MA,State,0,,0,United States,North America,Primary land,5
345,406,Leicester (Mass.),42.24592600000,-71.90868430000,1345,Massachusetts,United States,USMA,US,MA,State,0,,0,United States,North America,Primary land,5
347,409,East Northfield (Mass.),42.69590930000,-72.45288850000,1345,Massachusetts,United States,USMA,US,MA,State,0,,0,United States,North America,Primary land,5
43,52,Ann ArborCOMMA MI,44.31484430000,-85.60236430000,1361,Michigan,United States,USMI,US,MI,State,0,,0,United States,North America,Primary land,5
252,304,Ann Arbor,42.28082560000,-83.74303780000,1361,Michigan,United States,USMI,US,MI,State,0,,0,United States,North America,Primary land,5
2,2,Lake Winnipisseogee,43.60936670000,-71.32191470000,1415,New Hampshire,United States,USNH,US,NH,State,0,,0,United States,North America,Primary land,5
32,41,Franconia,44.22717290000,-71.74790750000,1415,New Hampshire,United States,USNH,US,NH,State,0,,0,United States,North America,Primary land,5
149,177,Franconia (N.H.),44.22717290000,-71.74790750000,1415,New Hampshire,United States,USNH,US,NH,State,0,,0,United States,North America,Primary land,5
193,228,Center Harbor (N.H.),43.70805600000,-71.46361100000,1415,New Hampshire,United States,USNH,US,NH,State,0,,0,United States,North America,Primary land,5
241,292,Intervale (N.H.),44.07423570000,-71.14007120000,1415,New Hampshire,United States,USNH,US,NH,State,0,,0,United States,North America,Primary land,5
263,315,WolfeboroCOMMA NH,43.58420000000,-71.21280000000,1415,New Hampshire,United States,USNH,US,NH,State,0,,0,United States,North America,Primary land,5
284,340,Glen HouseCOMMA White MountainCOMMA NH,43.19385160000,-71.57239530000,1415,New Hampshire,United States,USNH,US,NH,State,0,,0,United States,North America,Primary land,5
340,401,Holderness (N.H. : Town),43.73201750000,-71.58840950000,1415,New Hampshire,United States,USNH,US,NH,State,0,,0,United States,North America,Primary land,5
8,9,Hopatcong,40.93287620000,-74.65932810000,1417,New Jersey,United States,USNJ,US,NJ,State,0,,0,United States,North America,Primary land,5
75,87,Cape May (N.J.),38.93511250000,-74.90600530000,1417,New Jersey,United States,USNJ,US,NJ,State,0,,0,United States,North America,Primary land,5
81,94,Trenton (N.J.),40.21705340000,-74.74293840000,1417,New Jersey,United States,USNJ,US,NJ,State,0,,0,United States,North America,Primary land,5
82,95,Schooleys Mountain (N.J.),40.79926620000,-74.81377690000,1417,New Jersey,United States,USNJ,US,NJ,State,0,,0,United States,North America,Primary land,5
106,131,Atlantic City (N.J.),39.36428340000,-74.42292660000,1417,New Jersey,United States,USNJ,US,NJ,State,0,,0,United States,North America,Primary land,5
114,139,Deal (N.J.),40.24316800000,-74.00069270000,1417,New Jersey,United States,USNJ,US,NJ,State,0,,0,United States,North America,Primary land,5
157,185,Moorestown (N.J.),39.96888170000,-74.94888600000,1417,New Jersey,United States,USNJ,US,NJ,State,0,,0,United States,North America,Primary land,5
182,215,Long Branch (N.J.),40.30427780000,-73.99235960000,1417,New Jersey,United States,USNJ,US,NJ,State,0,,0,United States,North America,Primary land,5
195,230,Hopatcong (N.J.),40.93287620000,-74.65932810000,1417,New Jersey,United States,USNJ,US,NJ,State,0,,0,United States,North America,Primary land,5
197,232,Jersey City (N.J.),40.72815750000,-74.07764170000,1417,New Jersey,United States,USNJ,US,NJ,State,0,,0,United States,North America,Primary land,5
202,238,Dennis Cottage (Atlantic CityCOMMA N.J.),40.05832380000,-74.40566120000,1417,New Jersey,United States,USNJ,US,NJ,State,0,,0,United States,North America,Primary land,5
215,259,SalemCOMMA New Jersey,40.05832380000,-74.40566120000,1417,New Jersey,United States,USNJ,US,NJ,State,0,,0,United States,North America,Primary land,5
221,267,Cinnamonson (N.J.),39.99696460000,-74.99276930000,1417,New Jersey,United States,USNJ,US,NJ,State,0,,0,United States,North America,Primary land,5
240,291,EatontownCOMMA Monmouth CountyCOMMA N.J.,40.05832380000,-74.40566120000,1417,New Jersey,United States,USNJ,US,NJ,State,0,,0,United States,North America,Primary land,5
259,311,Brielle (N.J.),40.10789310000,-74.05652630000,1417,New Jersey,United States,USNJ,US,NJ,State,0,,0,United States,North America,Primary land,5
262,314,Trenton Boarding School,40.21705340000,-74.74293840000,1417,New Jersey,United States,USNJ,US,NJ,State,0,,0,United States,North America,Primary land,5
267,320,Burlington (N.J.),40.07122200000,-74.86488730000,1417,New Jersey,United States,USNJ,US,NJ,State,0,,0,United States,North America,Primary land,5
281,337,Ocean HouseCOMMA Cape IslandCOMMA NJ,40.05832380000,-74.40566120000,1417,New Jersey,United States,USNJ,US,NJ,State,0,,0,United States,North America,Primary land,5
298,355,Manunka Chunk Junction (N.J.),40.05832380000,-74.40566120000,1417,New Jersey,United States,USNJ,US,NJ,State,0,,0,United States,North America,Primary land,5
299,356,Locust GroveCOMMA Rockway (N.J.),40.05832380000,-74.40566120000,1417,New Jersey,United States,USNJ,US,NJ,State,0,,0,United States,North America,Primary land,5
300,357,Spring Lake (N.J.),40.15344760000,-74.02819250000,1417,New Jersey,United States,USNJ,US,NJ,State,0,,0,United States,North America,Primary land,5
308,365,HopatcongCOMMA N.J.,40.05832380000,-74.40566120000,1417,New Jersey,United States,USNJ,US,NJ,State,0,,0,United States,North America,Primary land,5
349,411,Camden (N.J.),39.92594630000,-75.11961990000,1417,New Jersey,United States,USNJ,US,NJ,State,0,,0,United States,North America,Primary land,5
353,415,Woodstown (N.J.),39.65150270000,-75.32824540000,1417,New Jersey,United States,USNJ,US,NJ,State,0,,0,United States,North America,Primary land,5
3,3,Caldwell Lake George,43.42265500000,-73.71863870000,1423,New York,United States,USNY,US,NY,State,0,,0,United States,North America,Primary land,5
9,10,Mohonk,41.80292320000,-74.13273550000,1423,New York,United States,USNY,US,NY,State,0,,0,United States,North America,Primary land,5
11,12,West Point,41.36670000000,-74.05000000000,1423,New York,United States,USNY,US,NY,State,0,,0,United States,North America,Primary land,5
52,61,Catskill (N.Y.),42.21731020000,-73.86457340000,1423,New York,United States,USNY,US,NY,State,0,,0,United States,North America,Primary land,5
87,102,Watertown (N.Y.),43.97478380000,-75.91075650000,1423,New York,United States,USNY,US,NY,State,0,,0,United States,North America,Primary land,5
89,104,Alexandria Bay (N.Y.),44.33588360000,-75.91773090000,1423,New York,United States,USNY,US,NY,State,0,,0,United States,North America,Primary land,5
107,132,Elizabethtown (N.Y.),44.21633370000,-73.59044780000,1423,New York,United States,USNY,US,NY,State,0,,0,United States,North America,Primary land,5
124,152,Brooklyn (N.Y.),40.67817840000,-73.94415790000,1423,New York,United States,USNY,US,NY,State,0,,0,United States,North America,Primary land,5
129,157,Little Falls (N.Y.),43.04340390000,-74.85959570000,1423,New York,United States,USNY,US,NY,State,0,,0,United States,North America,Primary land,5
134,162,Flushing (N.Y.),40.76749870000,-73.83307900000,1423,New York,United States,USNY,US,NY,State,0,,0,United States,North America,Primary land,5
136,164,Hudson (N.Y.),42.25286490000,-73.79095900000,1423,New York,United States,USNY,US,NY,State,0,,0,United States,North America,Primary land,5
145,173,Binghamton (N.Y.),42.09868670000,-75.91797380000,1423,New York,United States,USNY,US,NY,State,0,,0,United States,North America,Primary land,5
163,192,Richfield (N.Y.),42.85729420000,-75.05404680000,1423,New York,United States,USNY,US,NY,State,0,,0,United States,North America,Primary land,5
164,193,Tannersville (N.Y.),42.19564380000,-74.13375080000,1423,New York,United States,USNY,US,NY,State,0,,0,United States,North America,Primary land,5
178,211,Saranac Lake (N.Y.),44.32949600000,-74.13126620000,1423,New York,United States,USNY,US,NY,State,0,,0,United States,North America,Primary land,5
189,224,Mohonk Lake (N.Y.),41.76632900000,-74.15739290000,1423,New York,United States,USNY,US,NY,State,0,,0,United States,North America,Primary land,5
209,252,Lake Minnewaska (N.Y.),41.72611560000,-74.23627400000,1423,New York,United States,USNY,US,NY,State,0,,0,United States,North America,Primary land,5
243,294,Saratoga (N.Y.),43.04484830000,-73.63007290000,1423,New York,United States,USNY,US,NY,State,0,,0,United States,North America,Primary land,5
256,308,Gill HouseCOMMA Henderson Harbor (N.Y.),43.86478460000,-76.20187190000,1423,New York,United States,USNY,US,NY,State,0,,0,United States,North America,Primary land,5
260,312,The Clifton HouseCOMMA Niagara Falls (N.Y. and Ont.),43.09621430000,-79.03773880000,1423,New York,United States,USNY,US,NY,State,0,,0,United States,North America,Primary land,5
306,363,Geneva (N.Y.),42.86798360000,-76.98555700000,1423,New York,United States,USNY,US,NY,State,0,,0,United States,North America,Primary land,5
47,56,Laurel House [CatskillCOMMA New York],40.71278370000,-74.00594130000,1424,New York,United States,USNY,US,NY,State,0,,0,United States,North America,Small island,2
122,150,Maple Shade (OdessaCOMMA N.Y.),40.71278370000,-74.00594130000,1424,New York,United States,USNY,US,NY,State,0,,0,United States,North America,Small island,2
141,169,New York (N.Y.),40.71278370000,-74.00594130000,1424,New York,United States,USNY,US,NY,State,0,,0,United States,North America,Small island,2
228,276,Ausable ChasmCOMMA NY,40.71278370000,-74.00594130000,1424,New York,United States,USNY,US,NY,State,0,,0,United States,North America,Small island,2
237,287,AlbanyCOMMA N. Y.,40.71278370000,-74.00594130000,1424,New York,United States,USNY,US,NY,State,0,,0,United States,North America,Small island,2
239,289,MinnewaskaCOMMA Ulster CountyCOMMA New York,40.71278370000,-74.00594130000,1424,New York,United States,USNY,US,NY,State,0,,0,United States,North America,Small island,2
273,326,Laurel HouseCOMMA CatskillCOMMA NY,40.71278370000,-74.00594130000,1424,New York,United States,USNY,US,NY,State,0,,0,United States,North America,Small island,2
274,327,WildmereCOMMA Lake MinnewaskaCOMMA NY,40.71278370000,-74.00594130000,1424,New York,United States,USNY,US,NY,State,0,,0,United States,North America,Small island,2
275,331,ElizabethtownCOMMA N.Y.,40.71278370000,-74.00594130000,1424,New York,United States,USNY,US,NY,State,0,,0,United States,North America,Small island,2
278,334,SaratogaCOMMA NY,40.71278370000,-74.00594130000,1424,New York,United States,USNY,US,NY,State,0,,0,United States,North America,Small island,2
282,338,Lake GeorgeCOMMA New York,40.71278370000,-74.00594130000,1424,New York,United States,USNY,US,NY,State,0,,0,United States,North America,Small island,2
293,349,The RuisseaumontCOMMA Lake PlacidCOMMA Essex Co. (N.Y.),40.71278370000,-74.00594130000,1424,New York,United States,USNY,US,NY,State,0,,0,United States,North America,Small island,2
14,17,Chalybeate Springs,35.50849200000,-78.81390500000,1459,North Carolina,United States,USNC,US,NC,State,0,,0,United States,North America,Primary land,5
254,306,Greensboro (N.C.),36.07263540000,-79.79197540000,1459,North Carolina,United States,USNC,US,NC,State,0,,0,United States,North America,Primary land,5
206,245,WheelingCOMMA Virginia,40.43157340000,-80.65689420000,1495,Ohio,United States,USOH,US,OH,State,0,,0,United States,North America,Primary land,5
303,360,Mt. Pleasant (Ohio),40.17534850000,-80.79786310000,1495,Ohio,United States,USOH,US,OH,State,0,,0,United States,North America,Primary land,5
255,307,BirchcliffeCOMMA OntarioCOMMA Canada,51.25377500000,-85.32321390000,1499,Ontario,Canada,CAON,CA,ON,Province,0,,0,Canada,North America,Primary land,5
34,43,Awbury (PhiladelphiaCOMMA Pa.); Germantown (PhiladelphiaCOMMA Pa.),41.20332160000,-77.19452470000,1536,Pennsylvania,United States,USPA,US,PA,State,0,,0,United States,North America,Primary land,5
37,46,Philadelphia (Pa.),39.95233500000,-75.16378900000,1536,Pennsylvania,United States,USPA,US,PA,State,0,,0,United States,North America,Primary land,5
38,47,Dimock (Pa.),41.74646520000,-75.89825170000,1536,Pennsylvania,United States,USPA,US,PA,State,0,,0,United States,North America,Primary land,5
39,48,Pennsylvania,41.20332160000,-77.19452470000,1536,Pennsylvania,United States,USPA,US,PA,State,0,,0,United States,North America,Primary land,5
40,49,Westtown Boarding SchoolCOMMA PA,41.20332160000,-77.19452470000,1536,Pennsylvania,United States,USPA,US,PA,State,0,,0,United States,North America,Primary land,5
41,50,PhiladelphiaCOMMA (Pa. ),41.20332160000,-77.19452470000,1536,Pennsylvania,United States,USPA,US,PA,State,0,,0,United States,North America,Primary land,5
44,53,Philadelphia(Pa.),39.95233500000,-75.16378900000,1536,Pennsylvania,United States,USPA,US,PA,State,0,,0,United States,North America,Primary land,5
46,55,Dundale (VillanovaCOMMA Pa.),41.20332160000,-77.19452470000,1536,Pennsylvania,United States,USPA,US,PA,State,0,,0,United States,North America,Primary land,5
48,57,Haverford College,40.00786040000,-75.30623770000,1536,Pennsylvania,United States,USPA,US,PA,State,0,,0,United States,North America,Primary land,5
50,59,Westtown (Pa.),39.94443430000,-75.55678210000,1536,Pennsylvania,United States,USPA,US,PA,State,0,,0,United States,North America,Primary land,5
51,60,Steamer Pennsylvania,41.20332160000,-77.19452470000,1536,Pennsylvania,United States,USPA,US,PA,State,0,,0,United States,North America,Primary land,5
55,65,Caln (Pa: Township); Chester County (Pa.),39.99093980000,-75.78022350000,1536,Pennsylvania,United States,USPA,US,PA,State,0,,0,United States,North America,Primary land,5
61,71,PhiladelphiaCOMMA PA,41.20332160000,-77.19452470000,1536,Pennsylvania,United States,USPA,US,PA,State,0,,0,United States,North America,Primary land,5
63,74,Scranton(Pa.),41.40896900000,-75.66241220000,1536,Pennsylvania,United States,USPA,US,PA,State,0,,0,United States,North America,Primary land,5
66,77,PhiladelphiaCOMMA (Pa.),41.20332160000,-77.19452470000,1536,Pennsylvania,United States,USPA,US,PA,State,0,,0,United States,North America,Primary land,5
68,79,Bristol (Pa.),40.10066610000,-74.85183110000,1536,Pennsylvania,United States,USPA,US,PA,State,0,,0,United States,North America,Primary land,5
72,83,Downingtown (Pa.),40.00649580000,-75.70327420000,1536,Pennsylvania,United States,USPA,US,PA,State,0,,0,United States,North America,Primary land,5
76,89,Stoddartsville (Pa.),41.12980700000,-75.62824490000,1536,Pennsylvania,United States,USPA,US,PA,State,0,,0,United States,North America,Primary land,5
78,91,Woodbourne (Susquehanna CountyCOMMA Pa.),41.20332160000,-77.19452470000,1536,Pennsylvania,United States,USPA,US,PA,State,0,,0,United States,North America,Primary land,5
79,92,Montrose (Susquehanna CountyCOMMA Pa.),41.83396530000,-75.87713880000,1536,Pennsylvania,United States,USPA,US,PA,State,0,,0,United States,North America,Primary land,5
80,93,Awbury; Philadelphia (Pa.),40.05013300000,-75.16898760000,1536,Pennsylvania,United States,USPA,US,PA,State,0,,0,United States,North America,Primary land,5
84,97,Clifton (Pa.),41.25099190000,-75.53931550000,1536,Pennsylvania,United States,USPA,US,PA,State,0,,0,United States,North America,Primary land,5
85,98,Philadelphia (Pa).,39.95233500000,-75.16378900000,1536,Pennsylvania,United States,USPA,US,PA,State,0,,0,United States,North America,Primary land,5
86,101,Chambersburg (Pa.),39.93759110000,-77.66110220000,1536,Pennsylvania,United States,USPA,US,PA,State,0,,0,United States,North America,Primary land,5
88,103,Phildelphia (Pa.),39.95233500000,-75.16378900000,1536,Pennsylvania,United States,USPA,US,PA,State,0,,0,United States,North America,Primary land,5
90,105,Philadelphia (Pa.);,39.95233500000,-75.16378900000,1536,Pennsylvania,United States,USPA,US,PA,State,0,,0,United States,North America,Primary land,5
92,107,Philadelphia,39.95233500000,-75.16378900000,1536,Pennsylvania,United States,USPA,US,PA,State,0,,0,United States,North America,Primary land,5
97,119,Westtown (Pa. : Township),39.93278370000,-75.58689300000,1536,Pennsylvania,United States,USPA,US,PA,State,0,,0,United States,North America,Primary land,5
101,125,Haverford (Pa. : Township),39.97422900000,-75.28169100000,1536,Pennsylvania,United States,USPA,US,PA,State,0,,0,United States,North America,Primary land,5
102,126,West Chester (Pa.),39.96066430000,-75.60548820000,1536,Pennsylvania,United States,USPA,US,PA,State,0,,0,United States,North America,Primary land,5
104,129,Bloomsdale (Pa.),40.12810880000,-74.85445400000,1536,Pennsylvania,United States,USPA,US,PA,State,0,,0,United States,North America,Primary land,5
105,130,Woodbourne; Philadelphia (Pa.),40.19250000000,-74.88916670000,1536,Pennsylvania,United States,USPA,US,PA,State,0,,0,United States,North America,Primary land,5
108,133,Delaware Water Gap (Pa.); Philadelphia (Pa.),40.97926190000,-75.14295630000,1536,Pennsylvania,United States,USPA,US,PA,State,0,,0,United States,North America,Primary land,5
111,136,Calcon Hook,39.90150030000,-75.26304730000,1536,Pennsylvania,United States,USPA,US,PA,State,0,,0,United States,North America,Primary land,5
112,137,Harrisburg (Pa.),40.27319110000,-76.88670080000,1536,Pennsylvania,United States,USPA,US,PA,State,0,,0,United States,North America,Primary land,5
113,138,Chester (Pa.),39.84955700000,-75.35574570000,1536,Pennsylvania,United States,USPA,US,PA,State,0,,0,United States,North America,Primary land,5
115,140,Haverford (Pa.),40.00224060000,-75.32081070000,1536,Pennsylvania,United States,USPA,US,PA,State,0,,0,United States,North America,Primary land,5
117,144,Bradford (Pa.),41.95649530000,-78.64916300000,1536,Pennsylvania,United States,USPA,US,PA,State,0,,0,United States,North America,Primary land,5
118,146,East Marlborough (Pa.),39.88008690000,-75.72551920000,1536,Pennsylvania,United States,USPA,US,PA,State,0,,0,United States,North America,Primary land,5
119,147,Germantown (Pa.),40.02852100000,-75.17496710000,1536,Pennsylvania,United States,USPA,US,PA,State,0,,0,United States,North America,Primary land,5
120,148,Overbrook (Pa.),39.98452060000,-75.24207220000,1536,Pennsylvania,United States,USPA,US,PA,State,0,,0,United States,North America,Primary land,5
121,149,Church Lane (PhiladelphiaCOMMA Pa.),41.20332160000,-77.19452470000,1536,Pennsylvania,United States,USPA,US,PA,State,0,,0,United States,North America,Primary land,5
125,153,Roxborough (PhiladelphiaCOMMA Pa.),41.20332160000,-77.19452470000,1536,Pennsylvania,United States,USPA,US,PA,State,0,,0,United States,North America,Primary land,5
126,154,Pocono Inn (Pocono(Pa.).),41.06329590000,-75.30623260000,1536,Pennsylvania,United States,USPA,US,PA,State,0,,0,United States,North America,Primary land,5
127,155,East Bradford (Pa. : Township),41.96525180000,-78.67072380000,1536,Pennsylvania,United States,USPA,US,PA,State,0,,0,United States,North America,Primary land,5
128,156,Radnor (Pa.),40.04622080000,-75.35991050000,1536,Pennsylvania,United States,USPA,US,PA,State,0,,0,United States,North America,Primary land,5
133,161,Bryn Mawr (Pa.),40.02302370000,-75.31517720000,1536,Pennsylvania,United States,USPA,US,PA,State,0,,0,United States,North America,Primary land,5
139,167,Rosemont (Pa.),40.02566640000,-75.32379790000,1536,Pennsylvania,United States,USPA,US,PA,State,0,,0,United States,North America,Primary land,5
142,170,Susquehanna County (Pa.),41.74555300000,-75.80690820000,1536,Pennsylvania,United States,USPA,US,PA,State,0,,0,United States,North America,Primary land,5
144,172,Point Pleasant (Pa.),40.42260000000,-75.06630000000,1536,Pennsylvania,United States,USPA,US,PA,State,0,,0,United States,North America,Primary land,5
165,197,Silver Lake (Pa. : Township),40.13629330000,-76.87101510000,1536,Pennsylvania,United States,USPA,US,PA,State,0,,0,United States,North America,Primary land,5
166,198,West BradfordCOMMA Chester County Pa,40.00102040000,-75.80690820000,1536,Pennsylvania,United States,USPA,US,PA,State,0,,0,United States,North America,Primary land,5
167,199,BirminghamCOMMA Chester County Pa,40.00102040000,-75.80690820000,1536,Pennsylvania,United States,USPA,US,PA,State,0,,0,United States,North America,Primary land,5
168,200,Stoddartsville,41.12980700000,-75.62824490000,1536,Pennsylvania,United States,USPA,US,PA,State,0,,0,United States,North America,Primary land,5
169,201,Fairfield (Pa.),39.78731730000,-77.36859840000,1536,Pennsylvania,United States,USPA,US,PA,State,0,,0,United States,North America,Primary land,5
179,212,Montgomery County (Pa.),40.22900750000,-75.38785250000,1536,Pennsylvania,United States,USPA,US,PA,State,0,,0,United States,North America,Primary land,5
181,214,Lechauweki Springs (Pa.),40.59589180000,-75.40219280000,1536,Pennsylvania,United States,USPA,US,PA,State,0,,0,United States,North America,Primary land,5
196,231,Snow Shoe (Pa.),41.03089140000,-77.94944880000,1536,Pennsylvania,United States,USPA,US,PA,State,0,,0,United States,North America,Primary land,5
198,233,Overbrook (PhiladelphiaCOMMA Pa.),41.20332160000,-77.19452470000,1536,Pennsylvania,United States,USPA,US,PA,State,0,,0,United States,North America,Primary land,5
208,250,Walnut StreetCOMMA Philadelphia,39.95233500000,-75.16378900000,1536,Pennsylvania,United States,USPA,US,PA,State,0,,0,United States,North America,Primary land,5
210,253,WoodbourneCOMMA DimockCOMMA Susquehanna County(Pa.),41.74555300000,-75.80690820000,1536,Pennsylvania,United States,USPA,US,PA,State,0,,0,United States,North America,Primary land,5
214,258,EastonCOMMA PA,41.20332160000,-77.19452470000,1536,Pennsylvania,United States,USPA,US,PA,State,0,,0,United States,North America,Primary land,5
216,260,Mauch Chunk(Pa.),40.86039380000,-75.72805990000,1536,Pennsylvania,United States,USPA,US,PA,State,0,,0,United States,North America,Primary land,5
227,274,Sunbury (Northumberland)COMMA PA,41.20332160000,-77.19452470000,1536,Pennsylvania,United States,USPA,US,PA,State,0,,0,United States,North America,Primary land,5
229,277,Haverford SchoolCOMMA near Buck P.O.COMMA Old Lancaster Road,40.00224060000,-75.32081070000,1536,Pennsylvania,United States,USPA,US,PA,State,0,,0,United States,North America,Primary land,5
230,279,Haverford School,40.01430400000,-75.30550700000,1536,Pennsylvania,United States,USPA,US,PA,State,0,,0,United States,North America,Primary land,5
233,282,WoodburneCOMMA Susquehanna County (Pa.),41.74555300000,-75.80690820000,1536,Pennsylvania,United States,USPA,US,PA,State,0,,0,United States,North America,Primary land,5
235,284,Auburn Township (Susquehanna CountyCOMMA Pa.),41.20332160000,-77.19452470000,1536,Pennsylvania,United States,USPA,US,PA,State,0,,0,United States,North America,Primary land,5
236,285,Easton Northhampton County Penn,40.68843200000,-75.22073230000,1536,Pennsylvania,United States,USPA,US,PA,State,0,,0,United States,North America,Primary land,5
242,293,Sharon (Pa.),41.23311160000,-80.49340350000,1536,Pennsylvania,United States,USPA,US,PA,State,0,,0,United States,North America,Primary land,5
246,297,Lancaster(Pa.),40.03787550000,-76.30551440000,1536,Pennsylvania,United States,USPA,US,PA,State,0,,0,United States,North America,Primary land,5
247,298,Sansom SquareCOMMA Philadelphia,39.95233500000,-75.16378900000,1536,Pennsylvania,United States,USPA,US,PA,State,0,,0,United States,North America,Primary land,5
248,300,Lancaster PA,40.03787550000,-76.30551440000,1536,Pennsylvania,United States,USPA,US,PA,State,0,,0,United States,North America,Primary land,5
249,301,19 N Second StreetCOMMA Philadelphia PA,39.95233500000,-75.16378900000,1536,Pennsylvania,United States,USPA,US,PA,State,0,,0,United States,North America,Primary land,5
251,303,Connymeade (Pa.),41.20332160000,-77.19452470000,1536,Pennsylvania,United States,USPA,US,PA,State,0,,0,United States,North America,Primary land,5
253,305,Susquehannah CountyCOMMA PA,41.20332160000,-77.19452470000,1536,Pennsylvania,United States,USPA,US,PA,State,0,,0,United States,North America,Primary land,5
257,309,WoodbourneCOMMA Dimock(Pa.),41.74646520000,-75.89825170000,1536,Pennsylvania,United States,USPA,US,PA,State,0,,0,United States,North America,Primary land,5
258,310,272 Spruce StreetCOMMA PhiladelphiaCOMMA PA,41.20332160000,-77.19452470000,1536,Pennsylvania,United States,USPA,US,PA,State,0,,0,United States,North America,Primary land,5
268,321,Care of H & A CopeCOMMA Philadelphia,39.95233500000,-75.16378900000,1536,Pennsylvania,United States,USPA,US,PA,State,0,,0,United States,North America,Primary land,5
269,322,Wilkes-Barre(Pa.),41.24591490000,-75.88130750000,1536,Pennsylvania,United States,USPA,US,PA,State,0,,0,United States,North America,Primary land,5
272,325,Plymouth (Pa.),41.24035960000,-75.94464280000,1536,Pennsylvania,United States,USPA,US,PA,State,0,,0,United States,North America,Primary land,5
276,332,Penn CollegeCOMMA Buck Tavern(Pa.),41.20332160000,-77.19452470000,1536,Pennsylvania,United States,USPA,US,PA,State,0,,0,United States,North America,Primary land,5
277,333,102 South 4th StCOMMA PhiladelphiaCOMMA PA,41.20332160000,-77.19452470000,1536,Pennsylvania,United States,USPA,US,PA,State,0,,0,United States,North America,Primary land,5
285,341,Lancaster (Pa.),40.03787550000,-76.30551440000,1536,Pennsylvania,United States,USPA,US,PA,State,0,,0,United States,North America,Primary land,5
286,342,Fair HillCOMMA Arch StreetCOMMA Philadelphia (Pa.),39.95233500000,-75.16378900000,1536,Pennsylvania,United States,USPA,US,PA,State,0,,0,United States,North America,Primary land,5
288,344,[Philadelphia (Pa.)],39.95233500000,-75.16378900000,1536,Pennsylvania,United States,USPA,US,PA,State,0,,0,United States,North America,Primary land,5
291,347,Philaelphia (Pa.),39.95233500000,-75.16378900000,1536,Pennsylvania,United States,USPA,US,PA,State,0,,0,United States,North America,Primary land,5
292,348,Woodbourne (Susquehann County(Pa.).),41.20332160000,-77.19452470000,1536,Pennsylvania,United States,USPA,US,PA,State,0,,0,United States,North America,Primary land,5
294,350,Montrose (Pa.),41.83396530000,-75.87713880000,1536,Pennsylvania,United States,USPA,US,PA,State,0,,0,United States,North America,Primary land,5
311,371,Wayne JunctionCOMMA GermantownCOMMA Philadelphia (Pa.),39.95233500000,-75.16378900000,1536,Pennsylvania,United States,USPA,US,PA,State,0,,0,United States,North America,Primary land,5
315,375,Auburn (Schuylkill County(Pa.).),40.59842490000,-76.09327200000,1536,Pennsylvania,United States,USPA,US,PA,State,0,,0,United States,North America,Primary land,5
318,379,Mauch Chunk (Pa.),40.86039380000,-75.72805990000,1536,Pennsylvania,United States,USPA,US,PA,State,0,,0,United States,North America,Primary land,5
319,380,Dinnock P.O.COMMA Pennsylvania,41.20332160000,-77.19452470000,1536,Pennsylvania,United States,USPA,US,PA,State,0,,0,United States,North America,Primary land,5
326,387,Philadelphia (pa,39.95233500000,-75.16378900000,1536,Pennsylvania,United States,USPA,US,PA,State,0,,0,United States,North America,Primary land,5
328,389,Muncy (Pa.),41.20563730000,-76.78551520000,1536,Pennsylvania,United States,USPA,US,PA,State,0,,0,United States,North America,Primary land,5
329,390,London Grove (Pa. : Township),39.81523600000,-75.81102600000,1536,Pennsylvania,United States,USPA,US,PA,State,0,,0,United States,North America,Primary land,5
331,392,Lake Teedyuskung (Pa.),41.51748590000,-75.09396510000,1536,Pennsylvania,United States,USPA,US,PA,State,0,,0,United States,North America,Primary land,5
332,393,Hawley (Pa.),41.47592240000,-75.18211890000,1536,Pennsylvania,United States,USPA,US,PA,State,0,,0,United States,North America,Primary land,5
333,394,Dundaf (Pa.),41.65397040000,-75.55157440000,1536,Pennsylvania,United States,USPA,US,PA,State,0,,0,United States,North America,Primary land,5
341,402,Philadelpia (Pa.),39.95233500000,-75.16378900000,1536,Pennsylvania,United States,USPA,US,PA,State,0,,0,United States,North America,Primary land,5
343,404,Aubury (Pa.),41.98684200000,-80.06897760000,1536,Pennsylvania,United States,USPA,US,PA,State,0,,0,United States,North America,Primary land,5
351,413,Bucks Tavern (Haverford TownshipCOMMA Pa.),41.20332160000,-77.19452470000,1536,Pennsylvania,United States,USPA,US,PA,State,0,,0,United States,North America,Primary land,5
355,418,New Garden,39.83560000000,-75.76690000000,1536,Pennsylvania,United States,USPA,US,PA,State,0,,0,United States,North America,Primary land,5
316,376,Quebec (Province),52.93991590000,-73.54913610000,1577,Quebec,Canada,CAQC,CA,QC,Province,0,,0,Canada,North America,Primary land,5
110,135,Madeira,32.76070740000,-16.95947230000,1592,Região Autónoma da Madeira,Portugal,PT30,PT,30,Autonomous Region,0,,1,Portugal,Africa,Medium island,3
226,273,Funchal (Madeira Islands),32.66693280000,-16.92405540000,1592,Região Autónoma da Madeira,Portugal,PT30,PT,30,Autonomous Region,0,,1,Portugal,Africa,Medium island,3
289,345,Madeira (Madeira Islands),32.76070740000,-16.95947230000,1592,Região Autónoma da Madeira,Portugal,PT30,PT,30,Autonomous Region,0,,1,Portugal,Africa,Medium island,3
25,31,R I,41.58009450000,-71.47742910000,1600,Rhode Island,United States,USRI,US,RI,State,0,,0,United States,North America,Primary land,5
131,159,Providence (R.I.),41.82398910000,-71.41283430000,1600,Rhode Island,United States,USRI,US,RI,State,0,,0,United States,North America,Primary land,5
183,216,Peace Dale (R.I.),41.45121290000,-71.49866940000,1600,Rhode Island,United States,USRI,US,RI,State,0,,0,United States,North America,Primary land,5
271,324,Redwood CottageCOMMA NewportCOMMA Rhode Island,41.58009450000,-71.47742910000,1600,Rhode Island,United States,USRI,US,RI,State,0,,0,United States,North America,Primary land,5
21,25,Newport,41.49010240000,-71.31282850000,1601,Rhode Island,United States,USRI,US,RI,State,0,,0,United States,North America,Small island,2
35,44,Newport (R.I.),41.49010240000,-71.31282850000,1601,Rhode Island,United States,USRI,US,RI,State,0,,0,United States,North America,Small island,2
45,54,JamestownCOMMA RI,41.49704650000,-71.36727550000,1601,Rhode Island,United States,USRI,US,RI,State,0,,0,United States,North America,Small island,2
62,72,NewportCOMMA RI,41.49010240000,-71.31282850000,1601,Rhode Island,United States,USRI,US,RI,State,0,,0,United States,North America,Small island,2
148,176,Conanicut (Island : Rhode Island),41.53760180000,-71.37588710000,1601,Rhode Island,United States,USRI,US,RI,State,0,,0,United States,North America,Small island,2
151,179,Jamestown (R.I.),41.49704650000,-71.36727550000,1601,Rhode Island,United States,USRI,US,RI,State,0,,0,United States,North America,Small island,2
201,237,Bateman's Point (NewportCOMMA R.I.),41.49010240000,-71.31282850000,1601,Rhode Island,United States,USRI,US,RI,State,0,,0,United States,North America,Small island,2
287,343,Newport (R.I),41.49010240000,-71.31282850000,1601,Rhode Island,United States,USRI,US,RI,State,0,,0,United States,North America,Small island,2
290,346,Conanicut (R.I.),41.53760180000,-71.37588710000,1601,Rhode Island,United States,USRI,US,RI,State,0,,0,United States,North America,Small island,2
296,353,Easton's Point (NewportCOMMA R.I.),41.49010240000,-71.31282850000,1601,Rhode Island,United States,USRI,US,RI,State,0,,0,United States,North America,Small island,2
305,362,Fowler's Rocks (Conanicut IslandCOMMA R.I.),41.53760180000,-71.37588710000,1601,Rhode Island,United States,USRI,US,RI,State,0,,0,United States,North America,Small island,2
307,364,2nd Beach (NewportCOMMA R.I),41.49010240000,-71.31282850000,1601,Rhode Island,United States,USRI,US,RI,State,0,,0,United States,North America,Small island,2
309,368,Fowlers' Rocks,41.53760180000,-71.37588710000,1601,Rhode Island,United States,USRI,US,RI,State,0,,0,United States,North America,Small island,2
352,414,Fowlers Rocks,41.53760180000,-71.37588710000,1601,Rhode Island,United States,USRI,US,RI,State,0,,0,United States,North America,Small island,2
354,416,JamestownCOMMA R.I.,41.49704650000,-71.36727550000,1601,Rhode Island,United States,USRI,US,RI,State,0,,0,United States,North America,Small island,2
152,180,Golspie (Scotland),57.97340600000,-3.97608600000,1722,Scotland,United Kingdom,GBSCT,GB,SCT,Country,0,,0,United Kingdom,Europe,Primary land,5
170,203,Edinburgh (Scotland),55.95325200000,-3.18826700000,1722,Scotland,United Kingdom,GBSCT,GB,SCT,Country,0,,0,United Kingdom,Europe,Primary land,5
336,397,Aberfoyle (Scotland),56.18131400000,-4.38773700000,1722,Scotland,United Kingdom,GBSCT,GB,SCT,Country,0,,0,United Kingdom,Europe,Primary land,5
0,0,Charleston,32.77647490000,-79.93105120000,1750,South Carolina,United States,USSC,US,SC,State,0,,0,United States,North America,Primary land,5
154,182,Charleston (S.C.),32.77647490000,-79.93105120000,1750,South Carolina,United States,USSC,US,SC,State,0,,0,United States,North America,Primary land,5
346,408,Camden (S.C.),34.24653930000,-80.60702370000,1750,South Carolina,United States,USSC,US,SC,State,0,,0,United States,North America,Primary land,5
67,78,Lookout MountainCOMMA TN,35.51749130000,-86.58044730000,1800,Tennessee,United States,USTN,US,TN,State,0,,0,United States,North America,Primary land,5
187,220,Burtlington,44.47588250000,-73.21207200000,1856,Vermont,United States,USVT,US,VT,State,0,,0,United States,North America,Primary land,5
191,226,Rutland (Vt.),43.61062370000,-72.97260650000,1856,Vermont,United States,USVT,US,VT,State,0,,0,United States,North America,Primary land,5
4,5,Lynchburg,37.41375360000,-79.14224640000,1873,Virginia,United States,USVA,US,VA,State,0,,0,United States,North America,Primary land,5
5,6,Farmville,37.30209650000,-78.39194010000,1873,Virginia,United States,USVA,US,VA,State,0,,0,United States,North America,Primary land,5
53,62,Bridgewater CottageCOMMA Hampton (Va.),37.02986870000,-76.34522180000,1873,Virginia,United States,USVA,US,VA,State,0,,0,United States,North America,Primary land,5
60,70,Locust Shade,38.53359050000,-77.35079550000,1873,Virginia,United States,USVA,US,VA,State,0,,0,United States,North America,Primary land,5
137,165,Alexandria (Va.),38.80483550000,-77.04692140000,1873,Virginia,United States,USVA,US,VA,State,0,,0,United States,North America,Primary land,5
185,218,Norfolk (Va.),36.85076890000,-76.28587260000,1873,Virginia,United States,USVA,US,VA,State,0,,0,United States,North America,Primary land,5
312,372,Liberty (Va.),38.14501900000,-77.35134800000,1873,Virginia,United States,USVA,US,VA,State,0,,0,United States,North America,Primary land,5
321,382,Petersburg (Va.),37.22792790000,-77.40192670000,1873,Virginia,United States,USVA,US,VA,State,0,,0,United States,North America,Primary land,5
322,383,Farmville (Va.),37.30209650000,-78.39194010000,1873,Virginia,United States,USVA,US,VA,State,0,,0,United States,North America,Primary land,5
323,384,Lynchburg (Va.),37.41375360000,-79.14224640000,1873,Virginia,United States,USVA,US,VA,State,0,,0,United States,North America,Primary land,5
324,385,Richmond (Va.),37.54072460000,-77.43604810000,1873,Virginia,United States,USVA,US,VA,State,0,,0,United States,North America,Primary land,5
342,403,Elizabeth City county (Va.),37.23513000000,-76.68773390000,1873,Virginia,United States,USVA,US,VA,State,0,,0,United States,North America,Primary land,5
348,410,Charlottesville (Va.),38.02930590000,-78.47667810000,1873,Virginia,United States,USVA,US,VA,State,0,,0,United States,North America,Primary land,5
350,412,Hot Springs (Va.),37.99939930000,-79.83158700000,1873,Virginia,United States,USVA,US,VA,State,0,,0,United States,North America,Primary land,5
95,116,Beaufort ArmsCOMMA Tintern (Wales),51.69801720000,-2.68132260000,1878,Wales,United Kingdom,GBWLS,GB,WLS,Principality,0,,0,United Kingdom,Europe,Primary land,5
15,18,Sweet Springs,37.62850000000,-80.24140000000,1886,West Virginia,United States,USWV,US,WV,State,0,,0,United States,North America,Primary land,5
83,96,Monroe County (W. Va.),37.56019580000,-80.58828030000,1886,West Virginia,United States,USWV,US,WV,State,0,,0,United States,North America,Primary land,5
162,191,Greenbrier County (W. Va.),38.01984780000,-80.54384500000,1886,West Virginia,United States,USWV,US,WV,State,0,,0,United States,North America,Primary land,5
180,213,White Sulphur Springs (W. Va.),37.79651070000,-80.29757040000,1886,West Virginia,United States,USWV,US,WV,State,0,,0,United States,North America,Primary land,5
213,257,Munich (Germany),48.13512530000,11.58198060000,2342,Bayern,Germany,DEBY,DE,BY,State,0,,0,Germany,Europe,Primary land,5
173,206,Reichenbach (Switzerland),46.62544000000,7.69409000000,2363,Bern,Switzerland,CHBE,CH,BE,Canton,0,,0,Switzerland,Europe,Primary land,5
222,269,Oberhofen (Switzerland),46.73055500000,7.66937420000,2363,Bern,Switzerland,CHBE,CH,BE,Canton,0,,0,Switzerland,Europe,Primary land,5
335,396,Giessbach (Switzerland),46.73553000000,8.02563000000,2363,Bern,Switzerland,CHBE,CH,BE,Canton,0,,0,Switzerland,Europe,Primary land,5
176,209,Naples (Italy),40.85177460000,14.26812440000,2496,Campania,Italy,IT72,IT,72,Region,0,,0,Italy,Europe,Primary land,5
99,122,Geneva (Switzerland),46.19839220000,6.14229610000,2821,Genève,Switzerland,CHGE,CH,GE,Canton,0,,0,Switzerland,Europe,Primary land,5
28,36,Paris,48.85661400000,2.35222190000,3072,Île-de-France,France,FRJ,FR,J,Metropolitan Region,0,,0,France,Europe,Primary land,5
57,67,Paris (France),48.85661400000,2.35222190000,3072,Île-de-France,France,FRJ,FR,J,Metropolitan Region,0,,0,France,Europe,Primary land,5
23,27,Rome,41.87238890000,12.48018020000,3501,Lazio,Italy,IT62,IT,62,Region,0,,0,Italy,Europe,Primary land,5
103,127,Rome (Italy),41.87238890000,12.48018020000,3501,Lazio,Italy,IT62,IT,62,Region,0,,0,Italy,Europe,Primary land,5
279,335,Hotel SuisseCOMMA Via VenetoCOMMA RomeCOMMA Italy,41.87238890000,12.48018020000,3501,Lazio,Italy,IT62,IT,62,Region,0,,0,Italy,Europe,Primary land,5
175,208,Genoa (Italy),44.40564990000,8.94625600000,3537,Liguria,Italy,IT42,IT,42,Region,0,,0,Italy,Europe,Primary land,5
24,30,Courbance(?),46.22763800000,2.21374900000,3545,Limousin,France,FRL,FR,L,Metropolitan Region,0,,0,France,Europe,Primary land,5
29,37,The Reuissemont,46.22763800000,2.21374900000,3545,Limousin,France,FRL,FR,L,Metropolitan Region,0,,0,France,Europe,Primary land,5
231,280,Courbance (France),46.22763800000,2.21374900000,3545,Limousin,France,FRL,FR,L,Metropolitan Region,0,,0,France,Europe,Primary land,5
207,246,Riffelberg (Switzerland); Milan (Italy); Lucerne (Switzerland),47.05003760000,8.30892950000,3590,Luzern,Switzerland,CHLU,CH,LU,Canton,0,,0,Switzerland,Europe,Primary land,5
186,219,Grenille (France),45.18852900000,5.72452400000,4298,Rhône-Alpes,France,FRV,FR,V,Metropolitan Region,0,,0,France,Europe,Primary land,5
16,19,Frohburg,51.05855160000,12.55819190000,4351,Sachsen,Germany,DESN,DE,SN,State,0,,0,Germany,Europe,Primary land,5
17,20,Reichenbach,50.61666700000,12.30000000000,4351,Sachsen,Germany,DESN,DE,SN,State,0,,0,Germany,Europe,Primary land,5
171,204,Frohburg (Germany),51.05855160000,12.55819190000,4351,Sachsen,Germany,DESN,DE,SN,State,0,,0,Germany,Europe,Primary land,5
18,21,Lugano,46.00651170000,8.95231210000,4784,Ticino,Switzerland,CHTI,CH,TI,Canton,0,,0,Switzerland,Europe,Primary land,5
172,205,Lugano (Switzerland),46.00651170000,8.95231210000,4784,Ticino,Switzerland,CHTI,CH,TI,Canton,0,,0,Switzerland,Europe,Primary land,5
19,23,Florence,43.77103320000,11.24800060000,4811,Toscana,Italy,IT52,IT,52,Region,0,,0,Italy,Europe,Primary land,5
27,35,Camaldoli,43.79449160000,11.82037780000,4811,Toscana,Italy,IT52,IT,52,Region,0,,0,Italy,Europe,Primary land,5
73,84,Florence (Italy),43.77103320000,11.24800060000,4811,Toscana,Italy,IT52,IT,52,Region,0,,0,Italy,Europe,Primary land,5
330,391,Camaldoli (Italy),43.79449160000,11.82037780000,4811,Toscana,Italy,IT52,IT,52,Region,0,,0,Italy,Europe,Primary land,5
64,75,Lausanne (Switzerland),46.51996170000,6.63359710000,4926,Vaud,Switzerland,CHVD,CH,VD,Canton,0,,0,Switzerland,Europe,Primary land,5
26,34,Venice,45.44084740000,12.31551510000,4933,Veneto,Italy,IT34,IT,34,Region,0,,0,Italy,Europe,Primary land,5
135,163,Cortina d'Ampezzo (Italy),46.54047110000,12.13565240000,4933,Veneto,Italy,IT34,IT,34,Region,0,,0,Italy,Europe,Primary land,5
150,178,Venice (Italy),45.44084740000,12.31551510000,4933,Veneto,Italy,IT34,IT,34,Region,0,,0,Italy,Europe,Primary land,5
31,39,The Hague,52.07049780000,4.30069990000,5125,Zuid-Holland,Netherlands,NLZH,NL,ZH,Province,0,,0,Netherlands,Europe,Primary land,5
146,174,Hague (Netherlands),52.07049780000,4.30069990000,5125,Zuid-Holland,Netherlands,NLZH,NL,ZH,Province,0,,0,Netherlands,Europe,Primary land,5
218,263,ZurichCOMMA Switzerland,47.36864980000,8.53918250000,5128,Zürich,Switzerland,CHZH,CH,ZH,Canton,0,,0,Switzerland,Europe,Primary land,5
219,265,Zurich (Switzerland),47.36864980000,8.53918250000,5128,Zürich,Switzerland,CHZH,CH,ZH,Canton,0,,0,Switzerland,Europe,Primary land,5
22,26,Cannes,43.55284700000,7.01736900000,5133,Provence-Alpes-Côte d'Azur,France,FRU,FR,U,Metropolitan Region,0,,0,France,Europe,Primary land,5
98,121,Cannes (France),43.55284700000,7.01736900000,5133,Provence-Alpes-Côte d'Azur,France,FRU,FR,U,Metropolitan Region,0,,0,France,Europe,Primary land,5
174,207,Menton (France),43.77448100000,7.49754000000,5133,Provence-Alpes-Côte d'Azur,France,FRU,FR,U,Metropolitan Region,0,,0,France,Europe,Primary land,5
212,256,Nice (France),43.71017280000,7.26195320000,5133,Provence-Alpes-Côte d'Azur,France,FRU,FR,U,Metropolitan Region,0,,0,France,Europe,Primary land,5
270,323,Alhambra HotelCOMMA Cimiez-NiceCOMMA France,43.71017280000,7.26195320000,5133,Provence-Alpes-Côte d'Azur,France,FRU,FR,U,Metropolitan Region,0,,0,France,Europe,Primary land,5
264,316,Caen (France),49.18286300000,-0.37067900000,5230,Basse-Normandie,France,FRP,FR,P,Metropolitan Region,0,,0,France,Europe,Primary land,5
6,7,Liverpool,53.40837140000,-2.99157260000,5239,England,United Kingdom,GBENG,GB,ENG,Country,0,,0,United Kingdom,Europe,Primary land,5
7,8,London,51.50735090000,-0.12775830000,5239,England,United Kingdom,GBENG,GB,ENG,Country,0,,0,United Kingdom,Europe,Primary land,5
12,13,Lake Windermere,54.35830000000,-2.93610000000,5239,England,United Kingdom,GBENG,GB,ENG,Country,0,,0,United Kingdom,Europe,Primary land,5
20,24,Ashbourne,53.01662600000,-1.73217900000,5239,England,United Kingdom,GBENG,GB,ENG,Country,0,,0,United Kingdom,Europe,Primary land,5
36,45,England,52.35551770000,-1.17431970000,5239,England,United Kingdom,GBENG,GB,ENG,Country,0,,0,United Kingdom,Europe,Primary land,5
69,80,SunnysideCOMMA MayfieldCOMMA near AshbourneCOMMA England,52.35551770000,-1.17431970000,5239,England,United Kingdom,GBENG,GB,ENG,Country,0,,0,United Kingdom,Europe,Primary land,5
70,81,LondonCOMMA England,52.35551770000,-1.17431970000,5239,England,United Kingdom,GBENG,GB,ENG,Country,0,,0,United Kingdom,Europe,Primary land,5
94,109,Coalbrookdale (England),52.63612000000,-2.48942500000,5239,England,United Kingdom,GBENG,GB,ENG,Country,0,,0,United Kingdom,Europe,Primary land,5
96,117,Rugby,52.37087800000,-1.26503200000,5239,England,United Kingdom,GBENG,GB,ENG,Country,0,,0,United Kingdom,Europe,Primary land,5
109,134,Liverpool (England),53.40837140000,-2.99157260000,5239,England,United Kingdom,GBENG,GB,ENG,Country,0,,0,United Kingdom,Europe,Primary land,5
123,151,Kensington,51.50099450000,-0.19329520000,5239,England,United Kingdom,GBENG,GB,ENG,Country,0,,0,United Kingdom,Europe,Primary land,5
143,171,London (England),51.50735090000,-0.12775830000,5239,England,United Kingdom,GBENG,GB,ENG,Country,0,,0,United Kingdom,Europe,Primary land,5
147,175,Shropshire (England),52.58648450000,-2.70375010000,5239,England,United Kingdom,GBENG,GB,ENG,Country,0,,0,United Kingdom,Europe,Primary land,5
155,183,Chester (England),53.19339200000,-2.89307500000,5239,England,United Kingdom,GBENG,GB,ENG,Country,0,,0,United Kingdom,Europe,Primary land,5
156,184,Tottenham (England),51.60496740000,-0.07227850000,5239,England,United Kingdom,GBENG,GB,ENG,Country,0,,0,United Kingdom,Europe,Primary land,5
159,187,Lynton (England),51.22965390000,-3.84010200000,5239,England,United Kingdom,GBENG,GB,ENG,Country,0,,0,United Kingdom,Europe,Primary land,5
160,189,York (England),53.95996510000,-1.08729790000,5239,England,United Kingdom,GBENG,GB,ENG,Country,0,,0,United Kingdom,Europe,Primary land,5
161,190,Windermere (England),54.38068500000,-2.90678500000,5239,England,United Kingdom,GBENG,GB,ENG,Country,0,,0,United Kingdom,Europe,Primary land,5
177,210,Cambridge (England),52.20533700000,0.12181700000,5239,England,United Kingdom,GBENG,GB,ENG,Country,0,,0,United Kingdom,Europe,Primary land,5
190,225,Olney,52.15473800000,-0.70137790000,5239,England,United Kingdom,GBENG,GB,ENG,Country,0,,0,United Kingdom,Europe,Primary land,5
204,241,Harrogate,53.99212000000,-1.54181200000,5239,England,United Kingdom,GBENG,GB,ENG,Country,0,,0,United Kingdom,Europe,Primary land,5
205,244,Lyme Regis,50.72515600000,-2.93663900000,5239,England,United Kingdom,GBENG,GB,ENG,Country,0,,0,United Kingdom,Europe,Primary land,5
211,255,Bristol,51.45451300000,-2.58791000000,5239,England,United Kingdom,GBENG,GB,ENG,Country,0,,0,United Kingdom,Europe,Primary land,5
217,262,Mells (England),51.23902100000,-2.38731500000,5239,England,United Kingdom,GBENG,GB,ENG,Country,0,,0,United Kingdom,Europe,Primary land,5
220,266,Stockport (England),53.40675400000,-2.15884300000,5239,England,United Kingdom,GBENG,GB,ENG,Country,0,,0,United Kingdom,Europe,Primary land,5
234,283,Royal Mail Ship Gallia; LiverpoolCOMMA England,52.35551770000,-1.17431970000,5239,England,United Kingdom,GBENG,GB,ENG,Country,0,,0,United Kingdom,Europe,Primary land,5
238,288,Lichfield (England),52.68160200000,-1.83167200000,5239,England,United Kingdom,GBENG,GB,ENG,Country,0,,0,United Kingdom,Europe,Primary land,5
280,336,WoodfordCOMMA England,52.35551770000,-1.17431970000,5239,England,United Kingdom,GBENG,GB,ENG,Country,0,,0,United Kingdom,Europe,Primary land,5
304,361,London; Paris,51.40186690000,-0.27040210000,5239,England,United Kingdom,GBENG,GB,ENG,Country,0,,0,United Kingdom,Europe,Primary land,5
320,381,Hereford (England),52.05639800000,-2.71597400000,5239,England,United Kingdom,GBENG,GB,ENG,Country,0,,0,United Kingdom,Europe,Primary land,5
334,395,Avebury (England),51.42945600000,-1.85304600000,5239,England,United Kingdom,GBENG,GB,ENG,Country,0,,0,United Kingdom,Europe,Primary land,5
337,398,Swallowfield,51.37940600000,-0.96065000000,5239,England,United Kingdom,GBENG,GB,ENG,Country,0,,0,United Kingdom,Europe,Primary land,5
339,400,Keswick (CumbriaCOMMA England),52.35551770000,-1.17431970000,5239,England,United Kingdom,GBENG,GB,ENG,Country,0,,0,United Kingdom,Europe,Primary land,5
199,235,Bonchurch (Isle of Wight),50.59844700000,-1.19524490000,5240,England,United Kingdom,GBENG,GB,ENG,Country,0,,0,United Kingdom,Europe,Small island,2
33,42,Euro-trippedthrough6 Europeancountries,54.52596140000,15.25511870000,0,,,,,,,0,,0,,,,0
153,181,Conowingo Reservoir (Md. and Pa.),39.74661680000,-76.24211850000,0,,,,,,,0,,0,,,,0
184,217,Old Point Comfort (Va.),37.00042480000,-76.31133150000,0,,,,,,,0,,0,,,,0
194,229,Mary Powell (ship),35.74651200000,-39.46289100000,0,,,,,,,0,,0,,,,0
327,388,Europe,54.52596140000,15.25511870000,0,,,,,,,0,,0,,,,0
356,4,Catskills,0.00000000000,0.00000000000,0,,,,,,,0,,0,,,,0
357,14,Edinborough,0.00000000000,0.00000000000,0,,,,,,,0,,0,,,,0
358,16,Sulfur Springs,0.00000000000,0.00000000000,0,,,,,,,0,,0,,,,0
359,22,Mentone/Menton,0.00000000000,0.00000000000,0,,,,,,,0,,0,,,,0
360,28,Chemindela Tour,0.00000000000,0.00000000000,0,,,,,,,0,,0,,,,0
361,29,Avebury,0.00000000000,0.00000000000,0,,,,,,,0,,0,,,,0
362,32,Wildmere,0.00000000000,0.00000000000,0,,,,,,,0,,0,,,,0
363,33,Augustine,0.00000000000,0.00000000000,0,,,,,,,0,,0,,,,0
364,40,Oban,0.00000000000,0.00000000000,0,,,,,,,0,,0,,,,0
365,63,New YorkCOMMA NY,0.00000000000,0.00000000000,0,,,,,,,0,,0,,,,0
366,73,Connymeade?,0.00000000000,0.00000000000,0,,,,,,,0,,0,,,,0
367,86,Westtown[?] (Pa.),0.00000000000,0.00000000000,0,,,,,,,0,,0,,,,0
368,88,Atlantic Ocean,0.00000000000,0.00000000000,0,,,,,,,0,,0,,,,0
369,99,Weston,0.00000000000,0.00000000000,0,,,,,,,0,,0,,,,0
370,100,New Garden Boarding School,0.00000000000,0.00000000000,0,,,,,,,0,,0,,,,0
371,110,Montrose,0.00000000000,0.00000000000,0,,,,,,,0,,0,,,,0
372,111,Awbury,0.00000000000,0.00000000000,0,,,,,,,0,,0,,,,0
373,112,Westtown,0.00000000000,0.00000000000,0,,,,,,,0,,0,,,,0
374,113,Connymede,0.00000000000,0.00000000000,0,,,,,,,0,,0,,,,0
375,114,Connymeade,0.00000000000,0.00000000000,0,,,,,,,0,,0,,,,0
376,115,Fellsworth,0.00000000000,0.00000000000,0,,,,,,,0,,0,,,,0
377,118,Lodore,0.00000000000,0.00000000000,0,,,,,,,0,,0,,,,0
378,120,Overbrook,0.00000000000,0.00000000000,0,,,,,,,0,,0,,,,0
379,123,Marblehead Neck,0.00000000000,0.00000000000,0,,,,,,,0,,0,,,,0
380,128,Bloomsdale,0.00000000000,0.00000000000,0,,,,,,,0,,0,,,,0
381,141,Penn College,0.00000000000,0.00000000000,0,,,,,,,0,,0,,,,0
382,143,Woodbourne,0.00000000000,0.00000000000,0,,,,,,,0,,0,,,,0
383,145,Weston School,0.00000000000,0.00000000000,0,,,,,,,0,,0,,,,0
384,188,Overlook (N.Y.),0.00000000000,0.00000000000,0,,,,,,,0,,0,,,,0
385,194,Surf House,0.00000000000,0.00000000000,0,,,,,,,0,,0,,,,0
386,195,School House Lane,0.00000000000,0.00000000000,0,,,,,,,0,,0,,,,0
387,196,Devon Inn,0.00000000000,0.00000000000,0,,,,,,,0,,0,,,,0
388,202,Profile House,0.00000000000,0.00000000000,0,,,,,,,0,,0,,,,0
389,221,Airdrie,0.00000000000,0.00000000000,0,,,,,,,0,,0,,,,0
390,222,Blythewood,0.00000000000,0.00000000000,0,,,,,,,0,,0,,,,0
391,234,Middletown,0.00000000000,0.00000000000,0,,,,,,,0,,0,,,,0
392,240,Cherrelyn,0.00000000000,0.00000000000,0,,,,,,,0,,0,,,,0
393,242,Streshire,0.00000000000,0.00000000000,0,,,,,,,0,,0,,,,0
394,243,Cliff House,0.00000000000,0.00000000000,0,,,,,,,0,,0,,,,0
395,247,Chamounix (Switzerland); Martigny (Germany),0.00000000000,0.00000000000,0,,,,,,,0,,0,,,,0
396,248,Meadow Farm,0.00000000000,0.00000000000,0,,,,,,,0,,0,,,,0
397,249,Washington St.,0.00000000000,0.00000000000,0,,,,,,,0,,0,,,,0
398,251,Ivy Lodge Cottage,0.00000000000,0.00000000000,0,,,,,,,0,,0,,,,0
399,254,Wheeling (VA),0.00000000000,0.00000000000,0,,,,,,,0,,0,,,,0
400,261,Burlington,0.00000000000,0.00000000000,0,,,,,,,0,,0,,,,0
401,264,Kingwood,0.00000000000,0.00000000000,0,,,,,,,0,,0,,,,0
402,268,Mauch Church,0.00000000000,0.00000000000,0,,,,,,,0,,0,,,,0
403,275,Magnolia,0.00000000000,0.00000000000,0,,,,,,,0,,0,,,,0
404,278,Highland House,0.00000000000,0.00000000000,0,,,,,,,0,,0,,,,0
405,286,11 Place Reine Mathilde,0.00000000000,0.00000000000,0,,,,,,,0,,0,,,,0
406,290,BurlintonCOMMA N.J.,0.00000000000,0.00000000000,0,,,,,,,0,,0,,,,0
407,299,Lancaster,0.00000000000,0.00000000000,0,,,,,,,0,,0,,,,0
408,317,Surf Haven,0.00000000000,0.00000000000,0,,,,,,,0,,0,,,,0
409,328,Bliss Cottage,0.00000000000,0.00000000000,0,,,,,,,0,,0,,,,0
410,329,Prospect St.,0.00000000000,0.00000000000,0,,,,,,,0,,0,,,,0
411,330,6 Cavendish Crescent,0.00000000000,0.00000000000,0,,,,,,,0,,0,,,,0
412,352,Mulford,0.00000000000,0.00000000000,0,,,,,,,0,,0,,,,0
413,366,Mossgiel (R.I.),0.00000000000,0.00000000000,0,,,,,,,0,,0,,,,0
414,367,Mossgiel,0.00000000000,0.00000000000,0,,,,,,,0,,0,,,,0
415,369,Overlook,0.00000000000,0.00000000000,0,,,,,,,0,,0,,,,0
416,377,Asticou,0.00000000000,0.00000000000,0,,,,,,,0,,0,,,,0
417,407,Lakewood,0.00000000000,0.00000000000,0,,,,,,,0,,0,,,,0
418,417,Awbury?,0.00000000000,0.00000000000,0,,,,,,,0,,0,,,,0
